Workbook
Name Comp_Cred_Rating: Inputs!$B$4
Name EAD_Input: Inputs!$B$2
Name LGD_Input: Inputs!$B$3
Name P_Matrix: Inputs!$E$7:$L$14
Name Time_Horizon: Inputs!$B$5

Sheet Inputs
A1: Inputs
A2: Loan Amount (EAD) | B2: 10000000
A3: Loss Given Default (LGD) | B3: 0.45
A4: Company Credit Rating | B4: AAA
A5: Time Horizon | B5: =Dashboard!B2 -> 1 | D5: Probability Matrix
D6: Value | E6: AAA | F6: AA | G6: A | H6: BBB | I6: BB | J6: B | K6: CCC | L6: Default | M6: Row Sum Check
D7: AAA | E7: 0.919 | F7: 0.0756 | G7: 0.0039 | H7: 0.0008 | I7: 0.0005 | J7: 0.0002 | K7: 0 | L7: 0 | M7: =SUM(E7:L7) -> 1
D8: AA | E8: 0.009 | F8: 0.9058 | G8: 0.0779 | H8: 0.0052 | I8: 0.0008 | J8: 0.0009 | K8: 0.0002 | L8: 0.0002 | M8: =SUM(E8:L8) -> 1
D9: A | E9: 0.0005 | F9: 0.0259 | G9: 0.9124 | H9: 0.0529 | I9: 0.005 | J9: 0.0022 | K9: 0.0004 | L9: 0.0007 | M9: =SUM(E9:L9) -> 1
D10: BBB | E10: 0.0003 | F10: 0.0018 | G10: 0.0467 | H10: 0.8946 | I10: 0.0431 | J10: 0.0092 | K10: 0.002 | L10: 0.0023 | M10: =SUM(E10:L10) -> 1
D11: BB | E11: 0.0002 | F11: 0.0009 | G11: 0.004 | H11: 0.0655 | I11: 0.8321 | J11: 0.0795 | K11: 0.0102 | L11: 0.0076 | M11: =SUM(E11:L11) -> 1
D12: B | E12: 0 | F12: 0.0006 | G12: 0.0022 | H12: 0.0035 | I12: 0.0664 | J12: 0.8252 | K12: 0.0586 | L12: 0.0435 | M12: =SUM(E12:L12) -> 1
D13: CCC | E13: 0 | F13: 0 | G13: 0.0023 | H13: 0.0045 | I13: 0.0115 | J13: 0.1287 | K13: 0.5697 | L13: 0.2833 | M13: =SUM(E13:L13) -> 1
D14: Default | E14: 0 | F14: 0 | G14: 0 | H14: 0 | I14: 0 | J14: 0 | K14: 0 | L14: 1 | M14: =SUM(E14:L14) -> 1

Sheet Probability Forecast
H2: Year | I2: 1 | S2: Year | T2: 2 | AD2: Year | AE2: 3 | AO2: Year | AP2: 4 | AZ2: Year | BA2: 5 | BK2: Year | BL2: 6 | BV2: Year | BW2: 7 | CG2: Year | CH2: 8 | CR2: Year | CS2: 9 | DC2: Year | DD2: 10 | DN2: Year | DO2: 11 | DY2: Year | DZ2: 12 | EJ2: Year | EK2: 13 | EU2: Year | EV2: 14 | FF2: Year | FG2: 15 | FQ2: Year | FR2: 16 | GB2: Year | GC2: 17 | GM2: Year | GN2: 18 | GX2: Year | GY2: 19 | HI2: Year | HJ2: 20 | HT2: Year | HU2: 21 | IE2: Year | IF2: 22 | IP2: Year | IQ2: 23 | JA2: Year | JB2: 24 | JL2: Year | JM2: 25 | JW2: Year | JX2: 26 | KH2: Year | KI2: 27 | KS2: Year | KT2: 28 | LD2: Year | LE2: 29 | LO2: Year | LP2: 30 | LZ2: Year | MA2: 31 | MK2: Year | ML2: 32 | MV2: Year | MW2: 33 | NG2: Year | NH2: 34 | NR2: Year | NS2: 35 | OC2: Year | OD2: 36
A3: AAA | B3: {=P_Matrix} -> 0.919 | C3: 0.0756 | D3: 0.0039 | E3: 0.0008 | F3: 0.0005 | G3: 0.0002 | H3: 0 | I3: 0 | L3: AAA | M3: {=MMULT(B3:I10,P_Matrix)} -> 0.84524369 | N3: 0.1380579 | O3: 0.0130715 | P3: 0.00208376 | Q3: 0.00100329 | R3: 0.00047257 | S3: 3.51e-05 | T3: 3.219e-05 | W3: AAA | X3: {=MMULT(M3:T10,P_Matrix)} -> 0.77802883 | Y3: 0.18929676 | Z3: 0.026080043 | AA3: 0.0040172375 | AB3: 0.0015548556 | AC3: 0.00081547243 | AD3: 9.493033e-05 | AE3: 0.00011186991 | AH3: AAA | AI3: {=MMULT(X3:AE10,P_Matrix)} -> 0.71672673 | AJ3: 0.23096858 | AK3: 0.041771797 | AL3: 0.0066853455 | AM3: 0.0021930294 | AN3: 0.0012290639 | AO3: 0.00017405386 | AP3: 0.00025140865 | AS3: AAA | AT3: {=MMULT(AI3:AP10,P_Matrix)} -> 0.66077391 | AU3: 0.26449251 | AV3: 0.059224356 | AW3: 0.010113585 | AX3: 0.0029485668 | AY3: 0.0017155903 | AZ3: 0.00026982366 | BA3: 0.00046165968 | BD3: AAA | BE3: {=MMULT(AT3:BA10,P_Matrix)} -> 0.60966489 | BF3: 0.29108762 | BG3: 0.077705781 | BH3: 0.014284911 | BI3: 0.0038445189 | BJ3: 0.0022783791 | BK3: 0.00038114293 | BL3: 0.00075275481 | BO3: AAA | BP3: {=MMULT(BE3:BL10,P_Matrix)} -> 0.56294573 | BQ3: 0.31180095 | BR3: 0.096640546 | BS3: 0.01915281 | BT3: 0.0048966028 | BU3: 0.0029210965 | BV3: 0.00050773389 | BW3: 0.0011345273 | BZ3: AAA | CA3: {=MMULT(BP3:BW10,P_Matrix)} -> 0.52020838 | CB3: 0.32753163 | CC3: 0.11558123 | CD3: 0.024651347 | CE3: 0.0061138654 | CF3: 0.0036471392 | CG3: 0.00064969963 | CH3: 0.0016167102 | CK3: AAA | CL3: {=MMULT(CA3:CH10,P_Matrix)} -> 0.48108569 | CM3: 0.33905152 | CN3: 0.13418504 | CO3: 0.03070282 | CP3: 0.0074994977 | CQ3: 0.0044591791 | CR3: 0.00080725918 | CS3: 0.0022089974 | CV3: AAA | CW3: {=MMULT(CL3:CS10,P_Matrix)} -> 0.44524702 | CX3: 0.34702303 | CY3: 0.15219426 | CZ3: 0.037223525 | DA3: 0.0090517058 | DB3: 0.0053588555 | DC3: 0.00098058829 | DD3: 0.0029210207 | DG3: AAA | DH3: {=MMULT(CW3:DD10,P_Matrix)} -> 0.41239429 | DI3: 0.35201433 | DJ3: 0.16942019 | DK3: 0.044128014 | DL3: 0.010764576 | DM3: 0.0063465938 | DN3: 0.0011697268 | DO3: 0.0037622792 | DR3: AAA | DS3: {=MMULT(DH3:DO10,P_Matrix)} -> 0.38225859 | DT3: 0.35451249 | DU3: 0.18572972 | DV3: 0.051332196 | DW3: 0.012628897 | DX3: 0.0074215308 | DY3: 0.0013745294 | DZ3: 0.0047420419 | EC3: AAA | ED3: {=MMULT(DS3:DZ10,P_Matrix)} -> 0.35459704 | EE3: 0.35493478 | EF3: 0.20103435 | EG3: 0.05875551 | EH3: 0.014632907 | EI3: 0.008581521 | EJ3: 0.0015946446 | EK3: 0.0058692396 | EN3: AAA | EO3: {=MMULT(ED3:EK10,P_Matrix)} -> 0.32919017 | EP3: 0.35363833 | EQ3: 0.21528105 | ER3: 0.066322402 | ES3: 0.016762974 | ET3: 0.009823205 | EU3: 0.0018295136 | EV3: 0.0071523574 | EY3: AAA | EZ3: {=MMULT(EO3:EV10,P_Matrix)} -> 0.3058394 | FA3: 0.35092852 | FB3: 0.22844483 | FC3: 0.073963249 | FD3: 0.019004177 | FE3: 0.011142121 | FF3: 0.0020783809 | FG3: 0.0085993325 | FJ3: AAA | FK3: {=MMULT(EZ3:FG10,P_Matrix)} -> 0.28436498 | FL3: 0.34706615 | FM3: 0.24052256 | FN3: 0.081614877 | FO3: 0.021340817 | FP3: 0.012532842 | FQ3: 0.0023403146 | FR3: 0.010217464 | FU3: AAA | FV3: {=MMULT(FK3:FR10,P_Matrix)} -> 0.26460402 | FW3: 0.34227368 | FX3: 0.25152799 | FY3: 0.089220768 | FZ3: 0.023756837 | GA3: 0.013989133 | GB3: 0.0026142301 | GC3: 0.012013338 | GF3: AAA | GG3: {=MMULT(FV3:GC10,P_Matrix)} -> 0.24640884 | GH3: 0.33674051 | GI3: 0.26148764 | GJ3: 0.096731035 | GK3: 0.026236183 | GL3: 0.015504113 | GM3: 0.0028989173 | GN3: 0.01399276 | GQ3: AAA | GR3: {=MMULT(GG3:GN10,P_Matrix)} -> 0.2296454 | GS3: 0.33062762 | GT3: 0.27043746 | GU3: 0.10410224 | GV3: 0.028763081 | GW3: 0.017070407 | GX3: 0.0031930685 | GY3: 0.016160718 | HB3: AAA | HC3: {=MMULT(GR3:GY10,P_Matrix)} -> 0.21419197 | HD3: 0.32407154 | HE3: 0.27842018 | HF3: 0.11129708 | HG3: 0.031322273 | HH3: 0.01868031 | HI3: 0.0034953054 | HJ3: 0.018521344 | HM3: AAA | HN3: {=MMULT(HC3:HJ10,P_Matrix)} -> 0.19993793 | HO3: 0.31718773 | HP3: 0.28548309 | HQ3: 0.11828404 | HR3: 0.033899191 | HS3: 0.020325919 | HT3: 0.0038042054 | HU3: 0.021077898 | HX3: AAA | HY3: {=MMULT(HN3:HU10,P_Matrix)} -> 0.18678265 | HZ3: 0.31007358 | IA3: 0.29167638 | IB3: 0.12503694 | IC3: 0.036480083 | ID3: 0.021999267 | IE3: 0.0041183252 | IF3: 0.02383277 | II3: AAA | IJ3: {=MMULT(HY3:IF10,P_Matrix)} -> 0.17463457 | IK3: 0.30281093 | IL3: 0.29705173 | IM3: 0.13153451 | IN3: 0.039052113 | IO3: 0.023692441 | IP3: 0.004436223 | IQ3: 0.026787481 | IT3: AAA | IU3: {=MMULT(IJ3:IQ10,P_Matrix)} -> 0.16341026 | IV3: 0.29546828 | IW3: 0.30166124 | IX3: 0.13775994 | IY3: 0.04160342 | IZ3: 0.025397675 | JA3: 0.0047564767 | JB3: 0.029942708 | JE3: AAA | JF3: {=MMULT(IU3:JB10,P_Matrix)} -> 0.15303372 | JG3: 0.28810266 | JH3: 0.30555661 | JI3: 0.1437004 | JJ3: 0.04412315 | JK3: 0.027107442 | JL3: 0.0050777015 | JM3: 0.033298307 | JP3: AAA | JQ3: {=MMULT(JF3:JM10,P_Matrix)} -> 0.14343563 | JR3: 0.28076129 | JS3: 0.3087885 | JT3: 0.14934668 | JU3: 0.04660147 | JV3: 0.028814519 | JW3: 0.0053985627 | JX3: 0.036853351 | KA3: AAA | KB3: {=MMULT(JQ3:JX10,P_Matrix)} -> 0.13455271 | KC3: 0.27348299 | KD3: 0.31140603 | KE3: 0.1546927 | KF3: 0.049029562 | KG3: 0.030512049 | KH3: 0.005717788 | KI3: 0.040606168 | KL3: AAA | KM3: {=MMULT(KB3:KI10,P_Matrix)} -> 0.12632721 | KN3: 0.26629937 | KO3: 0.31345649 | KP3: 0.15973518 | KQ3: 0.051399601 | KR3: 0.032193584 | KS3: 0.0060341759 | KT3: 0.04455439 | KW3: AAA | KX3: {=MMULT(KM3:KT10,P_Matrix)} -> 0.11870633 | KY3: 0.25923593 | KZ3: 0.31498504 | LA3: 0.16447326 | LB3: 0.053704727 | LC3: 0.033853115 | LD3: 0.0063466028 | LE3: 0.048695 | LH3: AAA | LI3: {=MMULT(KX3:LE10,P_Matrix)} -> 0.11164181 | LJ3: 0.25231291 | LK3: 0.31603457 | LL3: 0.16890819 | LM3: 0.055939001 | LN3: 0.035485099 | LO3: 0.0066540281 | LP3: 0.053024385 | LS3: AAA | LT3: {=MMULT(LI3:LP10,P_Matrix)} -> 0.10508952 | LU3: 0.24554613 | LV3: 0.31664566 | LW3: 0.17304298 | LX3: 0.058097361 | LY3: 0.037084469 | LZ3: 0.0069554972 | MA3: 0.057538385 | MD3: AAA | ME3: {=MMULT(LT3:MA10,P_Matrix)} -> 0.099009039 | MF3: 0.23894759 | MG3: 0.31685648 | MH3: 0.17688219 | MI3: 0.060175574 | MJ3: 0.038646642 | MK3: 0.0072501431 | ML3: 0.062232351 | MO3: AAA | MP3: {=MMULT(ME3:ML10,P_Matrix)} -> 0.093363363 | MQ3: 0.23252612 | MR3: 0.3167028 | MS3: 0.18043164 | MT3: 0.062170176 | MU3: 0.040167515 | MV3: 0.0075371871 | MW3: 0.067101198 | MZ3: AAA | NA3: {=MMULT(MP3:MW10,P_Matrix)} -> 0.088118581 | NB3: 0.22628787 | NC3: 0.31621808 | ND3: 0.1836982 | NE3: 0.064078424 | NF3: 0.041643462 | NG3: 0.0078159373 | NH3: 0.072139454 | NK3: AAA | NL3: {=MMULT(NA3:NH10,P_Matrix)} -> 0.083243601 | NM3: 0.22023668 | NN3: 0.31543347 | NO3: 0.1866896 | NP3: 0.065898238 | NQ3: 0.043071317 | NR3: 0.0080857875 | NS3: 0.077341311 | NV3: AAA | NW3: {=MMULT(NL3:NS10,P_Matrix)} -> 0.078709903 | NX3: 0.21437452 | NY3: 0.31437794 | NZ3: 0.18941424 | OA3: 0.067628146 | OB3: 0.044448361 | OC3: 0.0083462142 | OD3: 0.082700681
A4: AA | B4: 0.009 | C4: 0.9058 | D4: 0.0779 | E4: 0.0052 | F4: 0.0008 | G4: 0.0009 | H4: 0.0002 | I4: 0.0002 | L4: AA | M4: 0.01646387 | N4: 0.82318227 | O4: 0.14192136 | P4: 0.01354664 | Q4: 0.0020705 | R4: 0.00186826 | S4: 0.00039756 | T4: 0.00054954 | W4: AA | X4: 0.022614376 | Y4: 0.7505863 | Z4: 0.19432509 | AA4: 0.024064129 | AB4: 0.0038117322 | AC4: 0.0029384718 | AD4: 0.00060558735 | AE4: 0.0010543125 | AH4: AA | AI4: 0.027643032 | AJ4: 0.68667225 | AK4: 0.23700798 | AL4: 0.035991385 | AM4: 0.0059943868 | AN4: 0.0041347544 | AO4: 0.00083205278 | AP4: 0.0017241604 | AS4: AA | AT4: 0.031714497 | AU4: 0.6302887 | AV4: 0.27156144 | AW4: 0.048739274 | AX4: 0.0085714735 | AY4: 0.0054717102 | AZ4: 0.0010815802 | BA4: 0.0025713204 | BD4: AA | BE4: 0.034970338 | BF4: 0.58044529 | BG4: 0.29932077 | BH4: 0.061856077 | BI4: 0.011486641 | BJ4: 0.006955326 | BK4: 0.0013564084 | BL4: 0.0036091457 | BO4: AA | BP4: 0.037532263 | BQ4: 0.53628936 | BR4: 0.32140639 | BS4: 0.07499963 | BT4: 0.014679908 | BU4: 0.0085842692 | BV4: 0.0016570212 | BW4: 0.0048511539 | BZ4: AA | CA4: 0.039504893 | CB4: 0.49708613 | CC4: 0.33875841 | CD4: 0.087914833 | CE4: 0.018091517 | CF4: 0.010351308 | CG4: 0.0019825979 | CH4: 0.0063103126 | CK4: AA | CL4: 0.040978144 | CM4: 0.46220177 | CN4: 0.35216557 | CO4: 0.10041553 | CP4: 0.02166442 | CQ4: 0.012244699 | CR4: 0.0023313564 | CS4: 0.0079985122 | CV4: AA | CW4: 0.04202927 | CX4: 0.43108899 | CY4: 0.36228956 | CZ4: 0.11236989 | DA4: 0.02534581 | DB4: 0.014249457 | DC4: 0.0027008278 | DD4: 0.0099261914 | DG4: AA | DH4: 0.042724625 | DI4: 0.40327475 | DJ4: 0.36968536 | DK4: 0.12368868 | DL4: 0.029087948 | DM4: 0.016348466 | DN4: 0.0030880804 | DO4: 0.012102087 | DR4: AA | DS4: 0.04312117 | DT4: 0.37834973 | DU4: 0.37481834 | DV4: 0.13431584 | DW4: 0.032848524 | DX4: 0.018523418 | DY4: 0.0034899031 | DZ4: 0.014533085 | EC4: AA | ED4: 0.043267776 | EE4: 0.35595938 | EF4: 0.37807859 | EG4: 0.14422087 | EH4: 0.03659069 | EI4: 0.020755578 | EJ4: 0.003902954 | EK4: 0.017224161 | EN4: AA | EO4: 0.043206345 | EP4: 0.33579627 | EQ4: 0.379793 | ER4: 0.15339285 | ES4: 0.040282881 | ET4: 0.023026395 | EU4: 0.0043238798 | EV4: 0.02017838 | EY4: AA | EZ4: 0.042972768 | FA4: 0.31759348 | FB4: 0.38023535 | FC4: 0.16183557 | FD4: 0.0438985 | FE4: 0.02531797 | FF4: 0.0047494086 | FG4: 0.023396951 | FJ4: AA | FK4: 0.042597763 | FL4: 0.30111901 | FM4: 0.3796348 | FN4: 0.16956376 | FO4: 0.047415524 | FP4: 0.027613402 | FQ4: 0.0051764198 | FR4: 0.026879324 | FU4: AA | FV4: 0.042107585 | FW4: 0.28617099 | FX4: 0.37818304 | FY4: 0.17659997 | FZ4: 0.050816082 | GA4: 0.029897029 | GB4: 0.0056019953 | GC4: 0.03062331 | GF4: AA | GG4: 0.041524645 | GH4: 0.27257351 | GI4: 0.37604028 | GJ4: 0.18297229 | GK4: 0.054086012 | GL4: 0.032154581 | GM4: 0.006023454 | GN4: 0.03462522 | GQ4: AA | GR4: 0.040868039 | GS4: 0.26017311 | GT4: 0.37334032 | GU4: 0.18871243 | GV4: 0.057214433 | GW4: 0.034373272 | GX4: 0.0064383729 | GY4: 0.038880022 | HB4: AA | HC4: 0.040154013 | HD4: 0.24883574 | HE4: 0.37019474 | HF4: 0.19385426 | HG4: 0.060193336 | HH4: 0.036541822 | HI4: 0.0068445976 | HJ4: 0.043381491 | HM4: AA | HN4: 0.039396352 | HO4: 0.23844414 | HP4: 0.36669648 | HQ4: 0.19843275 | HR4: 0.063017203 | HS4: 0.038650452 | HT4: 0.0072402436 | HU4: 0.048122373 | HX4: AA | HY4: 0.038606726 | HZ4: 0.22889559 | IA4: 0.36292288 | IB4: 0.2024831 | IC4: 0.065682655 | ID4: 0.040690833 | IE4: 0.0076236917 | IF4: 0.053094531 | II4: AA | IJ4: 0.037794984 | IK4: 0.22009999 | IL4: 0.35893811 | IM4: 0.20604008 | IN4: 0.068188136 | IO4: 0.042656018 | IP4: 0.0079935775 | IQ4: 0.058289098 | IT4: AA | IU4: 0.036969409 | IV4: 0.21197821 | IW4: 0.35479538 | IX4: 0.20913763 | IY4: 0.070533629 | IZ4: 0.044540358 | JA4: 0.0083487781 | JB4: 0.063696614 | JE4: AA | JF4: 0.036136937 | JG4: 0.2044606 | JH4: 0.35053864 | JI4: 0.21180847 | JJ4: 0.0727204 | JK4: 0.046339405 | JL4: 0.0086883959 | JM4: 0.069307153 | JP4: AA | JQ4: 0.035303346 | JR4: 0.19748582 | JS4: 0.34620414 | JT4: 0.21408393 | JU4: 0.074750773 | JV4: 0.04804981 | JW4: 0.0090117409 | JX4: 0.075110444 | KA4: AA | KB4: 0.034473425 | KC4: 0.19099973 | KD4: 0.34182164 | KE4: 0.21599375 | KF4: 0.076627939 | KG4: 0.04966922 | KH4: 0.0093183122 | KI4: 0.081095975 | KL4: AA | KM4: 0.03365111 | KN4: 0.18495449 | KO4: 0.33741552 | KP4: 0.21756606 | KQ4: 0.07835578 | KR4: 0.051196173 | KS4: 0.0096077798 | KT4: 0.087253097 | KW4: AA | KX4: 0.032839609 | KY4: 0.17930772 | KZ4: 0.3330056 | LA4: 0.21882729 | LB4: 0.079938724 | LC4: 0.052629999 | LD4: 0.0098799661 | LE4: 0.093571103 | LH4: AA | LI4: 0.032041509 | LJ4: 0.17402186 | LK4: 0.32860795 | LL4: 0.21980221 | LM4: 0.081381614 | LN4: 0.053970723 | LO4: 0.010134828 | LP4: 0.1000393 | LS4: AA | LT4: 0.031258864 | LU4: 0.16906356 | LV4: 0.3242355 | LW4: 0.22051396 | LX4: 0.0826896 | LY4: 0.055218977 | LZ4: 0.01037244 | MA4: 0.1066471 | MD4: AA | ME4: 0.030493278 | MF4: 0.16440312 | MG4: 0.31989853 | MH4: 0.2209841 | MI4: 0.083868049 | MJ4: 0.056375912 | MK4: 0.01059298 | ML4: 0.11338404 | MO4: AA | MP4: 0.029745969 | MQ4: 0.16001408 | MR4: 0.31560516 | MS4: 0.22123264 | MT4: 0.08492246 | MU4: 0.057443121 | MV4: 0.010796712 | MW4: 0.12023985 | MZ4: AA | NA4: 0.029017829 | NB4: 0.15587284 | NC4: 0.31136172 | ND4: 0.22127816 | NE4: 0.085858401 | NF4: 0.058422569 | NG4: 0.010983973 | NH4: 0.12720451 | NK4: AA | NL4: 0.028309476 | NM4: 0.15195826 | NN4: 0.30717301 | NO4: 0.22113786 | NP4: 0.086681454 | NQ4: 0.059316528 | NR4: 0.011155163 | NS4: 0.13426824 | NV4: AA | NW4: 0.027621297 | NX4: 0.14825142 | NY4: 0.30304263 | NZ4: 0.22082765 | OA4: 0.087397168 | OB4: 0.060127517 | OC4: 0.011310732 | OD4: 0.14142158
A5: A | B5: 0.0005 | C5: 0.0259 | D5: 0.9124 | E5: 0.0529 | F5: 0.005 | G5: 0.0022 | H5: 0.0004 | I5: 0.0007 | L5: A | M5: 0.00116567 | N5: 0.04723022 | O5: 0.83698951 | P5: 0.09606238 | Q5: 0.01117414 | R5: 0.00478179 | S5: 0.00088374 | T5: 0.00171255 | W5: A | X5: 0.001945871 | Y5: 0.064733124 | Z5: 0.77189637 | AA5: 0.1312133 | AB5: 0.017989279 | AC5: 0.0077159057 | AD5: 0.0014340224 | AE5: 0.003072127 | AH5: A | AI5: 0.0027997636 | AJ5: 0.079031492 | AK5: 0.71554844 | AL5: 0.15976666 | AM5: 0.025065241 | AN5: 0.010945855 | AO5: 0.0020367371 | AP5: 0.0048058107 | AS5: A | AT5: 0.0036949834 | AU5: 0.090647798 | AV5: 0.666624 | AW5: 0.18288222 | AX5: 0.032135325 | AY5: 0.014403082 | AZ5: 0.0026789807 | BA5: 0.0069336123 | BD5: A | BE5: 0.0046061237 | BF5: 0.10002043 | BG5: 0.6240106 | BH5: 0.2015125 | BI5: 0.039016686 | BJ5: 0.018016378 | BK5: 0.0033485598 | BL5: 0.0094687256 | BO5: A | BP5: 0.0055134739 | BQ5: 0.10751725 | BR5: 0.58677086 | BS5: 0.21644075 | BT5: 0.045588141 | BU5: 0.021717579 | BV5: 0.0040340378 | BW5: 0.012417902 | BZ5: A | CA5: 0.0064019731 | CB5: 0.11344696 | CC5: 0.55411403 | CD5: 0.22831176 | CE5: 0.051773552 | CF5: 0.025444803 | CG5: 0.0047249338 | CH5: 0.015781986 | CK5: A | CL5: 0.0072603412 | CM5: 0.11806863 | CN5: 0.52537222 | CO5: 0.23765687 | CP5: 0.05752941 | CQ5: 0.02914405 | CR5: 0.005411909 | CS5: 0.019556574 | CV5: A | CW5: 0.0080803602 | CX5: 0.12159963 | CY5: 0.49998073 | CZ5: 0.24491432 | DA5: 0.062835581 | DB5: 0.032769747 | DC5: 0.0060868822 | DD5: 0.023732743 | DG5: A | DH5: 0.0088562795 | DI5: 0.12422238 | DJ5: 0.47746148 | DK5: 0.25044593 | DL5: 0.067688428 | DM5: 0.036284631 | DN5: 0.0067430678 | DO5: 0.0282978 | DR5: A | DS5: 0.0095843245 | DT5: 0.12608991 | DU5: 0.45740923 | DV5: 0.25455062 | DW5: 0.072095719 | DX5: 0.039659229 | DY5: 0.007374948 | DZ5: 0.033236018 | EC5: A | ED5: 0.010262292 | EE5: 0.12733059 | EF5: 0.43948008 | EG5: 0.25747553 | EH5: 0.076072875 | EI5: 0.042871125 | EJ5: 0.0079781979 | EK5: 0.038529316 | EN5: A | EO5: 0.010889219 | EP5: 0.12805205 | EQ5: 0.42338176 | ER5: 0.25942516 | ES5: 0.079640222 | ET5: 0.045904121 | EU5: 0.0085495798 | EV5: 0.044157883 | EY5: A | EZ5: 0.011465107 | FA5: 0.12834455 | FB5: 0.40886561 | FC5: 0.2605688 | FD5: 0.082821002 | FE5: 0.048747385 | FF5: 0.0090868208 | FG5: 0.050100729 | FJ5: A | FK5: 0.011990702 | FL5: 0.12828368 | FM5: 0.39571973 | FN5: 0.26104668 | FO5: 0.085639932 | FP5: 0.051394626 | FQ5: 0.0095884856 | FR5: 0.05633616 | FU5: A | FV5: 0.01246731 | FW5: 0.1279328 | FX5: 0.3837633 | FY5: 0.26097505 | FZ5: 0.088122191 | GA5: 0.053843325 | GB5: 0.010053851 | GC5: 0.062842175 | GF5: A | GG5: 0.012896652 | GH5: 0.1273449 | GI5: 0.37284183 | GJ5: 0.26045028 | GK5: 0.090292712 | GL5: 0.056094039 | GM5: 0.010482786 | GN5: 0.069596808 | GQ5: A | GR5: 0.013280742 | GS5: 0.12656433 | GT5: 0.36282307 | GU5: 0.25955234 | GV5: 0.092175702 | GW5: 0.05814979 | GX5: 0.010875646 | GY5: 0.07657839 | HB5: A | HC5: 0.013621793 | HD5: 0.12562815 | HE5: 0.35359366 | HF5: 0.25834759 | HG5: 0.093794331 | HH5: 0.060015527 | HI5: 0.011233172 | HJ5: 0.083765771 | HM5: A | HN5: 0.013922141 | HO5: 0.12456731 | HP5: 0.34505629 | HQ5: 0.25689116 | HR5: 0.095170538 | HS5: 0.061697665 | HT5: 0.011556408 | HU5: 0.091138482 | HX5: A | HY5: 0.014184183 | HZ5: 0.12340762 | IA5: 0.33712727 | IB5: 0.25522881 | IC5: 0.096324934 | ID5: 0.063203698 | IE5: 0.011846627 | IF5: 0.09867686 | II5: A | IJ5: 0.01441033 | IK5: 0.12217057 | IL5: 0.32973447 | IM5: 0.2533986 | IN5: 0.097276756 | IO5: 0.064541874 | IP5: 0.012105264 | IQ5: 0.10636214 | IT5: A | IU5: 0.014602971 | IV5: 0.12087404 | IW5: 0.32281567 | IX5: 0.25143215 | IY5: 0.098043873 | IZ5: 0.065720922 | JA5: 0.012333871 | JB5: 0.1141765 | JE5: A | JF5: 0.014764443 | JG5: 0.11953286 | JH5: 0.31631707 | JI5: 0.24935578 | JJ5: 0.09864282 | JK5: 0.06674984 | JL5: 0.012534065 | JM5: 0.12210312 | JP5: A | JQ5: 0.014897012 | JR5: 0.11815934 | JS5: 0.31019205 | JT5: 0.24719137 | JU5: 0.09908885 | JV5: 0.067637709 | JW5: 0.012707499 | JX5: 0.13012617 | KA5: A | KB5: 0.01500286 | KC5: 0.11676363 | KD5: 0.30440016 | KE5: 0.24495714 | KF5: 0.099395996 | KG5: 0.068393562 | KH5: 0.01285583 | KI5: 0.13823082 | KL5: A | KM5: 0.015084067 | KN5: 0.11535409 | KO5: 0.29890622 | KP5: 0.24266827 | KQ5: 0.099577149 | KR5: 0.069026269 | KS5: 0.012980695 | KT5: 0.14640324 | KW5: A | KX5: 0.015142613 | KY5: 0.1139376 | KZ5: 0.29367958 | LA5: 0.24033739 | LB5: 0.099644127 | LC5: 0.069544453 | LD5: 0.013083698 | LE5: 0.15463055 | LH5: A | LI5: 0.01518037 | LJ5: 0.11251977 | LK5: 0.28869346 | LL5: 0.23797504 | LM5: 0.099607753 | LN5: 0.069956434 | LO5: 0.013166392 | LP5: 0.16290078 | LS5: A | LT5: 0.015199099 | LU5: 0.11110518 | LV5: 0.28392446 | LW5: 0.23559 | LX5: 0.099477929 | LY5: 0.07027018 | LZ5: 0.013230271 | MA5: 0.17120287 | MD5: A | ME5: 0.015200453 | MF5: 0.10969752 | MG5: 0.27935204 | MH5: 0.23318961 | MI5: 0.099263708 | MJ5: 0.07049328 | MK5: 0.013276764 | ML5: 0.17952662 | MO5: A | MP5: 0.01518598 | MQ5: 0.10829976 | MR5: 0.27495815 | MS5: 0.23077998 | MT5: 0.098973359 | MU5: 0.070632926 | MV5: 0.013307228 | MW5: 0.18786261 | MZ5: A | NA5: 0.015157121 | NB5: 0.10691426 | NC5: 0.27072691 | ND5: 0.22836622 | NE5: 0.098614432 | NF5: 0.070695904 | NG5: 0.013322949 | NH5: 0.1962022 | NK5: A | NL5: 0.015115219 | NM5: 0.10554287 | NN5: 0.2666443 | NO5: 0.22595259 | NP5: 0.09819382 | NQ5: 0.070688593 | NR5: 0.013325137 | NS5: 0.20453747 | NV5: A | NW5: 0.015061519 | NX5: 0.10418704 | NY5: 0.26269792 | NZ5: 0.22354265 | OA5: 0.097717809 | OB5: 0.070616974 | OC5: 0.013314931 | OD5: 0.21286116
A6: BBB | B6: 0.0003 | C6: 0.0018 | D6: 0.0467 | E6: 0.8946 | F6: 0.0431 | G6: 0.0092 | H6: 0.002 | I6: 0.0023 | L6: BBB | M6: 0.00059225 | N6: 0.00451724 | O6: 0.08472553 | P6: 0.80565344 | Q6: 0.07528974 | R6: 0.01961043 | S6: 0.00392638 | T6: 0.00568499 | W6: BBB | X6: 0.00088404965 | Y6: 0.0078605845 | Z6: 0.11563512 | AA6: 0.73026129 | AB6: 0.099147079 | AC6: 0.030275978 | AD6: 0.0058000858 | AE6: 0.010135803 | AH6: BBB | AI6: 0.0011799123 | AJ6: 0.01160377 | AK6: 0.14070101 | AL6: 0.66607663 | AM6: 0.11663648 | AN6: 0.040592453 | AO6: 0.0075981301 | AP6: 0.015611608 | AS6: BBB | AT6: 0.0014822741 | AU6: 0.015572318 | AV6: 0.16096324 | AW6: 0.61119248 | AX6: 0.12925721 | AY6: 0.050195499 | AZ6: 0.009287819 | BA6: 0.022049155 | BD6: BBB | BE6: 0.0017920516 | BF6: 0.019633009 | BG6: 0.17727324 | BH6: 0.56405374 | BI6: 0.13815513 | BJ6: 0.058884018 | BK6: 0.010841035 | BL6: 0.029367785 | BO6: BBB | BP6: 0.0021090762 | BQ6: 0.023685402 | BR6: 0.19032891 | BS6: 0.52338779 | BT6: 0.14420714 | BU6: 0.066566989 | BV6: 0.012238867 | BW6: 0.037475825 | BZ6: BBB | CA6: 0.0024324319 | CB6: 0.027655027 | CC6: 0.20070305 | CD6: 0.4881496 | CE6: 0.14808522 | CF6: 0.073226319 | CG6: 0.013471865 | CH6: 0.046276494 | CK6: BBB | CL6: 0.0027607136 | CM6: 0.031487906 | CN6: 0.20886629 | CO6: 0.45747807 | CP6: 0.15030496 | CQ6: 0.078890861 | CR6: 0.014538564 | CS6: 0.055672633 | CV6: BBB | CW6: 0.0030922245 | CX6: 0.035146162 | CY6: 0.21520572 | CZ6: 0.43066137 | DA6: 0.15126251 | DB6: 0.083618292 | DC6: 0.015443535 | DD6: 0.065570182 | DG6: BBB | DH6: 0.0034251236 | DI6: 0.038604491 | DJ6: 0.22004006 | DK6: 0.40710913 | DL6: 0.15126259 | DM6: 0.087482554 | DN6: 0.016195526 | DO6: 0.07588052 | DR6: BBB | DS6: 0.0037575343 | DT6: 0.041847348 | DU6: 0.22363196 | DV6: 0.3863302 | DW6: 0.15053989 | DX6: 0.090565265 | DY6: 0.016805902 | DZ6: 0.0865219 | EC6: BBB | ED6: 0.0040876231 | EE6: 0.044866684 | EF6: 0.22619804 | EG6: 0.36791471 | EH6: 0.14927539 | EI6: 0.09294994 | EJ6: 0.017287437 | EK6: 0.097420175 | EN6: BBB | EO6: 0.0044136543 | EP6: 0.04766016 | EQ6: 0.22791712 | ER6: 0.35151961 | ES6: 0.14760879 | ET6: 0.094718226 | EU6: 0.01765341 | EV6: 0.10850904 | EY6: BBB | EZ6: 0.004734026 | FA6: 0.050229713 | FB6: 0.2289369 | FC6: 0.33685695 | FD6: 0.14564799 | FE6: 0.095947548 | FF6: 0.017916984 | FG6: 0.11972989 | FJ6: BBB | FK6: 0.0050472924 | FL6: 0.052580426 | FM6: 0.22937949 | FN6: 0.32368436 | FO6: 0.14347643 | FP6: 0.096709746 | FQ6: 0.018090776 | FR6: 0.13103148 | FU6: BBB | FV6: 0.0053521759 | FW6: 0.054719641 | FX6: 0.22934588 | FY6: 0.31179726 | FZ6: 0.14115859 | GA6: 0.097070404 | GB6: 0.018186602 | GC6: 0.14236945 | GF6: BBB | GG6: 0.0056475703 | GH6: 0.056656253 | GI6: 0.22891967 | GJ6: 0.30102252 | GK6: 0.13874432 | GL6: 0.097088635 | GM6: 0.018215327 | GN6: 0.1537057 | GQ6: BBB | GR6: 0.0059325388 | GS6: 0.058400174 | GT6: 0.22817007 | GU6: 0.29121326 | GV6: 0.13627213 | GW6: 0.096817178 | GX6: 0.018186802 | GY6: 0.16500785 | HB6: BBB | HC6: 0.0062063082 | HD6: 0.059961901 | HE6: 0.22715446 | HF6: 0.28224453 | HG6: 0.13377168 | HH6: 0.096302694 | HI6: 0.018109858 | HJ6: 0.17624857 | HM6: BBB | HN6: 0.0064682592 | HO6: 0.061352204 | HP6: 0.22592039 | HQ6: 0.27400979 | HR6: 0.13126576 | HS6: 0.095586167 | HT6: 0.017992338 | HU6: 0.18740509 | HX6: BBB | HY6: 0.0067179164 | HZ6: 0.062581873 | IA6: 0.22450732 | IB6: 0.26641798 | IC6: 0.12877181 | ID6: 0.094703372 | IE6: 0.017841154 | IF6: 0.19845857 | II6: BBB | IJ6: 0.0069549354 | IK6: 0.063661544 | IL6: 0.22294799 | IM6: 0.25939106 | IN6: 0.12630308 | IO6: 0.093685367 | IP6: 0.017662351 | IQ6: 0.20939367 | IT6: BBB | IU6: 0.0071790915 | IV6: 0.06460156 | IW6: 0.22126961 | IX6: 0.25286203 | IY6: 0.12386952 | IZ6: 0.092558974 | JA6: 0.017461189 | JB6: 0.22019802 | JE6: BBB | JF6: 0.0073902664 | JG6: 0.065411885 | JH6: 0.21949478 | JI6: 0.24677319 | JJ6: 0.12147852 | JK6: 0.091347248 | JL6: 0.017242216 | JM6: 0.23086189 | JP6: BBB | JQ6: 0.0075884369 | JR6: 0.066102035 | JS6: 0.21764229 | JT6: 0.24107477 | JU6: 0.11913544 | JV6: 0.090069915 | JW6: 0.017009347 | JX6: 0.24137776 | KA6: BBB | KB6: 0.0077736624 | KC6: 0.066681043 | KD6: 0.21572778 | KE6: 0.23572373 | KF6: 0.11684406 | KG6: 0.088743775 | KH6: 0.01676593 | KI6: 0.25174002 | KL6: BBB | KM6: 0.007946075 | KN6: 0.067157436 | KO6: 0.21376427 | KP6: 0.23068274 | KQ6: 0.1146069 | KR6: 0.087383068 | KS6: 0.01651482 | KT6: 0.26194469 | KW6: BBB | KX6: 0.0081058682 | KY6: 0.067539228 | KZ6: 0.21176261 | LA6: 0.2259194 | LB6: 0.1124255 | LC6: 0.085999807 | LD6: 0.016258434 | LE6: 0.27198915 | LH6: BBB | LI6: 0.0082532881 | LJ6: 0.067833926 | LK6: 0.20973186 | LL6: 0.22140546 | LM6: 0.11030064 | LN6: 0.084604072 | LO6: 0.01599881 | LP6: 0.28187195 | LS6: BBB | LT6: 0.0083886248 | LU6: 0.068048537 | LV6: 0.20767956 | LW6: 0.21711628 | LX6: 0.10823249 | LY6: 0.083204269 | LZ6: 0.015737658 | MA6: 0.29159259 | MD6: BBB | ME6: 0.0085122042 | MF6: 0.068189586 | MG6: 0.20561203 | MH6: 0.21303029 | MI6: 0.10622074 | MJ6: 0.081807369 | MK6: 0.015476399 | ML6: 0.30115137 | MO6: BBB | MP6: 0.0086243812 | MQ6: 0.068263139 | MR6: 0.20353455 | MS6: 0.2091286 | MT6: 0.10426474 | MU6: 0.080419101 | MV6: 0.015216211 | MW6: 0.31054927 | MZ6: BBB | NA6: 0.0087255334 | NB6: 0.068274821 | NC6: 0.20145155 | ND6: 0.20539457 | NE6: 0.10236355 | NF6: 0.079044136 | NG6: 0.014958059 | NH6: 0.31978779 | NK6: BBB | NL6: 0.0088160554 | NM6: 0.068229842 | NN6: 0.19936671 | NO6: 0.20181356 | NP6: 0.100516 | NQ6: 0.077686241 | NR6: 0.014702726 | NS6: 0.32886887 | NV6: BBB | NW6: 0.0088963541 | NX6: 0.068133023 | NY6: 0.19728316 | NZ6: 0.19837262 | OA6: 0.098720802 | OB6: 0.076348411 | OC6: 0.014450839 | OD6: 0.33779479
A7: BB | B7: 0.0002 | C7: 0.0009 | D7: 0.004 | E7: 0.0655 | F7: 0.8321 | G7: 0.0795 | H7: 0.0102 | I7: 0.0076 | L7: BB | M7: 0.00037997 | N7: 0.00184843 | O7: 0.0103061 | P7: 0.11363944 | Q7: 0.70063038 | R7: 0.13368034 | S7: 0.01908984 | T7: 0.0204255 | W7: BB | X7: 0.00054519926 | Y7: 0.0028852882 | Z7: 0.017996247 | AA7: 0.14866203 | AB7: 0.59704151 | AC7: 0.16953989 | AD7: 0.026087351 | AE7: 0.037242492 | AH7: BB | AI7: 0.00070001074 | AJ7: 0.0040274668 | AK7: 0.026410337 | AL7: 0.17377749 | AM7: 0.51485559 | AN7: 0.19213655 | AO7: 0.031191924 | AP7: 0.056900636 | AS7: BB | AT7: 0.00084786661 | AU7: 0.0052764794 | AV7: 0.035082534 | AW7: 0.19141584 | AX7: 0.44915334 | AY7: 0.20515712 | AZ7: 0.034639692 | BA7: 0.078427132 | BD7: BB | BE7: 0.00099147441 | BF7: 0.0066240522 | BG7: 0.043690399 | BH7: 0.20341806 | BI7: 0.39619136 | BJ7: 0.2113046 | BK7: 0.036735724 | BL7: 0.10104433 | BO7: BB | BP7: 0.0011328903 | BQ7: 0.0080561108 | BR7: 0.052016751 | BS7: 0.21117967 | BT7: 0.35311549 | BU7: 0.21256738 | BV7: 0.03777758 | BW7: 0.12415413 | BZ7: BB | CA7: 0.0012736166 | CB7: 0.0095555733 | CC7: 0.059921163 | CD7: 0.21575887 | CE7: 0.31774525 | CF7: 0.21041003 | CG7: 0.038024891 | CH7: 0.14731061 | CK7: BB | CL7: 0.0014146911 | CM7: 0.011104265 | CN7: 0.067318694 | CO7: 0.21795828 | CP7: 0.28841143 | CQ7: 0.20591057 | CR7: 0.037691207 | CS7: 0.17019087 | CV7: BB | CW7: 0.0015567686 | CX7: 0.012684189 | CY7: 0.074164107 | CZ7: 0.21838676 | DA7: 0.26383325 | DB7: 0.19986056 | DC7: 0.036945901 | DD7: 0.19256847 | DG7: BB | DH7: 0.0017001928 | DI7: 0.014278343 | DJ7: 0.080440164 | DK7: 0.21750612 | DL7: 0.24302548 | DM7: 0.19283866 | DN7: 0.035919984 | DO7: 0.21429105 | DR7: BB | DS7: 0.0018450593 | DT7: 0.015871195 | DU7: 0.086149018 | DV7: 0.21566661 | DW7: 0.22522806 | DX7: 0.18526511 | DY7: 0.034712864 | DZ7: 0.23526209 | EC7: BB | ED7: 0.0019912703 | EE7: 0.017448939 | EF7: 0.091305892 | EG7: 0.21313372 | EH7: 0.20985266 | EI7: 0.17744226 | EJ7: 0.033398747 | EK7: 0.25542652 | EN7: BB | EO7: 0.0021385815 | EP7: 0.018999585 | EQ7: 0.095934479 | ER7: 0.21010852 | ES7: 0.1964422 | ET7: 0.16958486 | EU7: 0.032032159 | EV7: 0.27475961 | EY7: BB | EZ7: 0.0022866409 | FA7: 0.020512948 | FB7: 0.10006362 | FC7: 0.20674318 | FD7: 0.18463998 | FE7: 0.1618427 | FF7: 0.030652495 | FG7: 0.29325843 | FJ7: BB | FK7: 0.0024350223 | FL7: 0.021980565 | FM7: 0.10372495 | FN7: 0.20315262 | FO7: 0.17416629 | FP7: 0.15431755 | FQ7: 0.029287651 | FR7: 0.31093536 | FU7: BB | FV7: 0.0025832521 | FW7: 0.023395575 | FX7: 0.10695118 | FY7: 0.19942343 | FZ7: 0.16480056 | GA7: 0.14707585 | GB7: 0.027956871 | GC7: 0.32781328 | GF7: BB | GG7: 0.0027308316 | GH7: 0.024752569 | GI7: 0.10977499 | GJ7: 0.19562065 | GK7: 0.1563678 | GL7: 0.14015825 | GM7: 0.026672946 | GN7: 0.34392197 | GQ7: BB | GR7: 0.0028772546 | GS7: 0.026047444 | GT7: 0.11222823 | GU7: 0.1917929 | GV7: 0.14872819 | GW7: 0.13358667 | GX7: 0.025443904 | GY7: 0.35929541 | HB7: BB | HC7: 0.0030220216 | HD7: 0.02727724 | HE7: 0.1143414 | HF7: 0.1879763 | HG7: 0.14176918 | HH7: 0.12736966 | HI7: 0.024274285 | HJ7: 0.37396992 | HM7: BB | HN7: 0.0031646504 | HO7: 0.028440003 | HP7: 0.11614339 | HQ7: 0.18419742 | HR7: 0.13539945 | HS7: 0.12150628 | HT7: 0.023166112 | HU7: 0.38798269 | HX7: BB | HY7: 0.0033046846 | HZ7: 0.029534635 | IA7: 0.11766126 | IB7: 0.1804756 | IC7: 0.12954427 | ID7: 0.11598908 | IE7: 0.022119617 | IF7: 0.40137085 | II7: BB | IJ7: 0.003441699 | IK7: 0.030560772 | IL7: 0.11892021 | IM7: 0.17682463 | IN7: 0.12414192 | IO7: 0.11080622 | IP7: 0.02113378 | IQ7: 0.41417076 | IT7: BB | IU7: 0.0035753042 | IV7: 0.031518669 | IW7: 0.11994357 | IX7: 0.17325408 | IY7: 0.11914098 | IZ7: 0.1059431 | JA7: 0.020206736 | JB7: 0.42641756 | JE7: BB | JF7: 0.0037051488 | JG7: 0.032409092 | JH7: 0.12075284 | JI7: 0.16977034 | JJ7: 0.11449818 | JK7: 0.10138346 | JL7: 0.01933607 | JM7: 0.43814488 | JP7: BB | JQ7: 0.0038309207 | JR7: 0.033233229 | JS7: 0.12136779 | JT7: 0.16637735 | JU7: 0.11017681 | JV7: 0.097110237 | JW7: 0.018519035 | JX7: 0.44938463 | KA7: BB | KB7: 0.0039523477 | KC7: 0.033992606 | KD7: 0.12180655 | KE7: 0.16307721 | KF7: 0.10614541 | KG7: 0.093106181 | KH7: 0.017752706 | KI7: 0.46016699 | KL7: BB | KM7: 0.0040691965 | KN7: 0.034689024 | KO7: 0.12208569 | KP7: 0.15987065 | KQ7: 0.10237684 | KR7: 0.089354222 | KS7: 0.017034098 | KT7: 0.47052029 | KW7: BB | KX7: 0.0041812722 | KY7: 0.035324487 | KZ7: 0.12222035 | LA7: 0.15675733 | LB7: 0.098847416 | LC7: 0.085837783 | LD7: 0.01636024 | LE7: 0.48047113 | LH7: BB | LI7: 0.0042884164 | LJ7: 0.03590116 | LK7: 0.12222436 | LL7: 0.15373615 | LM7: 0.0955364 | LN7: 0.082540952 | LO7: 0.015728234 | LP7: 0.49004433 | LS7: BB | LT7: 0.0043905054 | LU7: 0.036421318 | LV7: 0.12211032 | LW7: 0.15080545 | LX7: 0.092425447 | LY7: 0.079448596 | LZ7: 0.015135288 | MA7: 0.49926307 | MD7: BB | ME7: 0.0044874482 | MF7: 0.036887311 | MG7: 0.12188971 | MH7: 0.14796314 | MI7: 0.089498256 | MJ7: 0.076546426 | MK7: 0.01457874 | ML7: 0.50814896 | MO7: BB | MP7: 0.0045791842 | MQ7: 0.037301531 | MR7: 0.121573 | MS7: 0.14520685 | MT7: 0.086740251 | MU7: 0.07382102 | MV7: 0.014056071 | MW7: 0.51672209 | MZ7: BB | NA7: 0.0046656806 | NB7: 0.037666385 | NC7: 0.12116971 | ND7: 0.142534 | NE7: 0.084138334 | NF7: 0.071259823 | NG7: 0.013564909 | NH7: 0.52500115 | NK7: BB | NL7: 0.0047469307 | NM7: 0.037984274 | NN7: 0.12068851 | NO7: 0.13994191 | NP7: 0.081680686 | NQ7: 0.068851126 | NR7: 0.013103035 | NS7: 0.53300353 | NV7: BB | NW7: 0.0048229507 | NX7: 0.038257575 | NY7: 0.12013731 | NZ7: 0.1374278 | OA7: 0.079356599 | OB7: 0.06658404 | OC7: 0.012668374 | OD7: 0.54074536
A8: B | B8: 0 | C8: 0.0006 | D8: 0.0022 | E8: 0.0035 | F8: 0.0664 | G8: 0.8252 | H8: 0.0586 | I8: 0.0435 | L8: B | M8: 2.083e-05 | N8: 0.00116164 | O8: 0.00443329 | P8: 0.0107517 | Q8: 0.11088095 | R8: 0.69381324 | S8: 0.08242642 | T8: 0.09651193 | W8: B | X8: 5.7215875e-05 | Y8: 0.0017040443 | Z8: 0.0067971049 | AA8: 0.019921017 | AB8: 0.13976765 | AC8: 0.59206772 | AD8: 0.088770282 | AE8: 0.15091497 | AH8: B | AI8: 0.00010524617 | AJ8: 0.0022407832 | AK8: 0.0093307494 | AL8: 0.029816299 | AM8: 0.15752879 | AN8: 0.51131032 | AO8: 0.08673613 | AP8: 0.20293169 | AS8: B | AT8: 0.00016200431 | AU8: 0.0027815559 | AV8: 0.012035255 | AW8: 0.039677028 | AX8: 0.16736176 | AY8: 0.44591663 | AZ8: 0.081046964 | BA8: 0.25101881 | BD8: B | BE8: 0.00022530905 | BF8: 0.0033330882 | BG8: 0.014888071 | BH8: 0.049033943 | BI8: 0.17157518 | BJ8: 0.39210045 | BK8: 0.074094984 | BL8: 0.29474897 | BO8: B | BP8: 0.00029352606 | BQ8: 0.0038996847 | BR8: 0.017853627 | BS8: 0.05761481 | BT8: 0.17184585 | BU8: 0.34722445 | BV8: 0.067043755 | BW8: 0.33422429 | BZ8: B | CA8: 0.00036542804 | CB8: 0.0044836365 | CC8: 0.020890669 | CD8: 0.065280065 | CE8: 0.16939538 | CF8: 0.3093928 | CG8: 0.060418159 | CH8: 0.36977387 | CK8: B | CL8: 0.00044008953 | CM8: 0.0050855683 | CN8: 0.023957134 | CO8: 0.071978423 | CP8: 0.16511418 | CQ8: 0.27720433 | CR8: 0.054418289 | CS8: 0.40180199 | CV8: B | CW8: 0.00051680732 | CX8: 0.0057047548 | CY8: 0.027013231 | CZ8: 0.077716103 | DA8: 0.15965003 | DB8: 0.2495988 | DC8: 0.049084994 | DD8: 0.43071529 | DG8: B | DH8: 0.00059504017 | DI8: 0.0063394135 | DJ8: 0.030023243 | DK8: 0.082535459 | DL8: 0.15347208 | DM8: 0.225758 | DN8: 0.044386019 | DO8: 0.45689075 | DR8: B | DS8: 0.00067436331 | DT8: 0.0069869713 | DU8: 0.032956418 | DV8: 0.086500203 | DW8: 0.14691765 | DX8: 0.20504021 | DY8: 0.040259897 | DZ8: 0.48066429 | EC8: B | ED8: 0.00075443443 | EE8: 0.0076443021 | EF8: 0.035787267 | EG8: 0.089685264 | EH8: 0.1402267 | EI8: 0.18693531 | EJ8: 0.03663756 | EK8: 0.50232915 | EN8: B | EO8: 0.00083496851 | EP8: 0.008307933 | EQ8: 0.038495469 | ER8: 0.092169929 | ES8: 0.13356734 | ET8: 0.17103317 | EU8: 0.033452354 | EV8: 0.52213884 | EY8: B | EZ8: 0.00091571964 | FA8: 0.0089742183 | FB8: 0.041065528 | FC8: 0.094033311 | FD8: 0.12705475 | FE8: 0.15700079 | FF8: 0.030644136 | FG8: 0.54031155 | FJ8: B | FK8: 0.00099646802 | FL8: 0.0096394822 | FM8: 0.043486309 | FN8: 0.095351453 | FO8: 0.12076532 | FP8: 0.14456551 | FQ8: 0.028160457 | FR8: 0.557035 | FU8: B | FV8: 0.0010770111 | FW8: 0.010300132 | FX8: 0.045750497 | FY8: 0.096195588 | FZ8: 0.11474711 | GA8: 0.13350233 | GB8: 0.025956383 | GC8: 0.57247095 | GF8: B | GG8: 0.0011571577 | GH8: 0.010952745 | GI8: 0.047854062 | GJ8: 0.096631194 | GK8: 0.10902768 | GL8: 0.12362424 | GM8: 0.02399376 | GN8: 0.58675916 | GQ8: B | GR8: 0.0012367246 | GS8: 0.011594134 | GT8: 0.049795724 | GU8: 0.096717596 | GV8: 0.10361993 | GW8: 0.1147748 | GX8: 0.022240303 | GY8: 0.60002079 | HB8: B | HC8: 0.0013155342 | HD8: 0.012221386 | HE8: 0.051576474 | HF8: 0.096507932 | HG8: 0.098526353 | HH8: 0.10682231 | HI8: 0.020668699 | HJ8: 0.61236131 | HM8: B | HN8: 0.0013934143 | HO8: 0.012831898 | HP8: 0.053199124 | HQ8: 0.096049359 | HR8: 0.093742279 | HS8: 0.099655279 | HT8: 0.019255805 | HU8: 0.62387284 | HX8: B | HY8: 0.0014701977 | HZ8: 0.013423383 | IA8: 0.054667924 | IB8: 0.095383394 | IC8: 0.089258188 | ID8: 0.093178789 | IE8: 0.017981947 | IF8: 0.63463618 | II8: B | IJ8: 0.0015457227 | IK8: 0.013993876 | IL8: 0.055988218 | IM8: 0.094546351 | IN8: 0.08506144 | IO8: 0.087311611 | IP8: 0.016830345 | IQ8: 0.64472244 | IT8: B | IU8: 0.0016198344 | IV8: 0.01454173 | IW8: 0.057166157 | IX8: 0.093569799 | IY8: 0.081137521 | IZ8: 0.081983896 | JA8: 0.015786621 | JB8: 0.65419444 | JE8: B | JF8: 0.0016923849 | JG8: 0.015065602 | JH8: 0.058208454 | JI8: 0.092481036 | JJ8: 0.07747094 | JK8: 0.077135301 | JL8: 0.014838411 | JM8: 0.66310787 | JP8: B | JQ8: 0.0017632349 | JR8: 0.015564436 | JS8: 0.059122178 | JT8: 0.09130355 | JU8: 0.074045869 | JV8: 0.072713475 | JW8: 0.013975034 | JX8: 0.67151222 | KA8: B | KB8: 0.0018322541 | KC8: 0.016037447 | KD8: 0.059914593 | KE8: 0.090057454 | KF8: 0.070846582 | KG8: 0.068672815 | KH8: 0.013187223 | KI8: 0.67945163 | KL8: B | KM8: 0.0018993224 | KN8: 0.016484095 | KO8: 0.060593018 | KP8: 0.088759889 | KQ8: 0.067857764 | KR8: 0.064973447 | KS8: 0.012466911 | KT8: 0.68696555 | KW8: B | KX8: 0.0019643302 | KY8: 0.016904065 | KZ8: 0.061164721 | LA8: 0.087425396 | LB8: 0.065064705 | LC8: 0.061580383 | LD8: 0.011807046 | LE8: 0.69408935 | LH8: B | LI8: 0.0020271789 | LJ8: 0.017297244 | LK8: 0.061636837 | LL8: 0.086066247 | LM8: 0.062453423 | LN8: 0.058462826 | LO8: 0.011201442 | LP8: 0.7008548 | LS8: B | LT8: 0.0020877816 | LU8: 0.017663697 | LV8: 0.0620163 | LW8: 0.084692746 | LX8: 0.060010732 | LY8: 0.05559358 | LZ8: 0.010644655 | MA8: 0.70729051 | MD8: B | ME8: 0.0021460627 | MF8: 0.018003648 | MG8: 0.062309799 | MH8: 0.083313496 | MI8: 0.057724271 | MJ8: 0.052948567 | MK8: 0.010131878 | ML8: 0.71342228 | MO8: B | MP8: 0.0022019582 | MQ8: 0.018317456 | MR8: 0.062523742 | MS8: 0.081935631 | MT8: 0.055582504 | MU8: 0.050506408 | MV8: 0.009658856 | MW8: 0.71927344 | MZ8: B | NA8: 0.0022554158 | NB8: 0.018605597 | NC8: 0.062664233 | ND8: 0.080565025 | NE8: 0.053574703 | NF8: 0.048248078 | NG8: 0.0092218116 | NH8: 0.72486514 | NK8: B | NL8: 0.0023063941 | NM8: 0.018868646 | NN8: 0.06273706 | NO8: 0.079206472 | NP8: 0.05169092 | NQ8: 0.046156605 | NR8: 0.0088173822 | NS8: 0.73021652 | NV8: B | NW8: 0.0023548626 | NX8: 0.01910726 | NY8: 0.062747687 | NZ8: 0.077863844 | OA8: 0.049921945 | OB8: 0.04421682 | OC8: 0.0084425686 | OD8: 0.73534501
A9: CCC | B9: 0 | C9: 0 | D9: 0.0023 | E9: 0.0045 | F9: 0.0115 | G9: 0.1287 | H9: 0.5697 | I9: 0.2833 | L9: CCC | M9: 4.8e-06 | N9: 0.00015524 | O9: 0.00394812 | P9: 0.00791472 | Q9: 0.02487183 | R9: 0.18048434 | S9: 0.33222713 | T9: 0.45039382 | W9: CCC | X9: 1.5131202e-05 | Y9: 0.00038815733 | Z9: 0.0052446693 | AA9: 0.011045997 | AB9: 0.036861614 | AC9: 0.19375226 | AD9: 0.20011731 | AE9: 0.55257486 | AH9: CCC | AI9: 3.0707447e-05 | AJ9: 0.00065788336 | AK9: 0.006365352 | AL9: 0.014154319 | AM9: 0.046341672 | AN9: 0.18868348 | AO9: 0.12576097 | AP9: 0.61800562 | AS9: CCC | AT9: 5.08384e-05 | AU9: 0.00094349022 | AV9: 0.0074098434 | AW9: 0.017264323 | AX9: 0.053178159 | AY9: 0.17571603 | AZ9: 0.083206548 | BA9: 0.66223077 | BD9: CCC | BE9: 7.4731752e-05 | BF9: 0.0012347375 | BG9: 0.0084313441 | BH9: 0.020314196 | BI9: 0.057655887 | BJ9: 0.1601132 | BK9: 0.058279828 | BL9: 0.69389607 | BO9: CCC | BP9: 0.00010163223 | BQ9: 0.0015269705 | BR9: 0.009454825 | BS9: 0.023224694 | BT9: 0.060195922 | BU9: 0.14441624 | BV9: 0.04321699 | BW9: 0.71786273 | BZ9: CCC | CA9: 0.00013087676 | CB9: 0.0018183238 | CC9: 0.010488421 | CD9: 0.025927759 | CE9: 0.061224791 | CF9: 0.12975574 | CG9: 0.033748046 | CH9: 0.73690604 | CK9: CCC | CL9: 0.00016190815 | CM9: 0.0021082078 | CN9: 0.011530602 | CO9: 0.028375606 | CP9: 0.061120481 | CQ9: 0.11654846 | CR9: 0.027510856 | CS9: 0.75264388 | CV9: CCC | CW9: 0.00019426954 | CX9: 0.0023965111 | CY9: 0.012574687 | CZ9: 0.030540988 | DA9: 0.060195954 | DB9: 0.10486387 | DC9: 0.023187888 | DD9: 0.76604584 | DG9: CCC | DH9: 0.00022759114 | DI9: 0.0026831994 | DJ9: 0.01361167 | DK9: 0.03241399 | DL9: 0.058699879 | DM9: 0.094614358 | DN9: 0.020035752 | DO9: 0.77771356 | DR9: CCC | DS9: 0.00026157506 | DT9: 0.0029681338 | DU9: 0.014631964 | DV9: 0.033997901 | DW9: 0.056824336 | DX9: 0.085651625 | DY9: 0.017628317 | DZ9: 0.78803615 | EC9: CCC | ED9: 0.0002959809 | EE9: 0.0032510076 | EF9: 0.015626419 | EG9: 0.035305299 | EH9: 0.054714498 | EI9: 0.077813715 | EJ9: 0.015716088 | EK9: 0.79727699 | EN9: CCC | EO9: 0.00033061322 | EP9: 0.003531344 | EQ9: 0.016586906 | ER9: 0.03635477 | ES9: 0.052478039 | ET9: 0.070946512 | EU9: 0.014148938 | EV9: 0.80562288 | EY9: CCC | EZ9: 0.00036531113 | FA9: 0.0038085233 | FB9: 0.017506578 | FC9: 0.037168346 | FD9: 0.050193353 | FE9: 0.064912234 | FF9: 0.012833442 | FG9: 0.81321221 | FJ9: CCC | FK9: 0.0003999401 | FL9: 0.0040818227 | FM9: 0.01837997 | FN9: 0.037769605 | FO9: 0.047916364 | FP9: 0.059591575 | FQ9: 0.011709142 | FR9: 0.82015158 | FU9: CCC | FV9: 0.0004343855 | FW9: 0.0043504566 | FX9: 0.019202957 | FY9: 0.038182318 | FZ9: 0.045685977 | GA9: 0.054882955 | GB9: 0.010735219 | GC9: 0.82652573 | GF9: CCC | GG9: 0.00046854775 | GH9: 0.0046136151 | GI9: 0.019972664 | GJ9: 0.038429538 | GK9: 0.043528355 | GL9: 0.050700599 | GM9: 0.0098829084 | GN9: 0.83240377 | GQ9: CCC | GR9: 0.00050233878 | GS9: 0.0048704958 | GT9: 0.020687332 | GU9: 0.038533017 | GV9: 0.041460219 | GW9: 0.046972306 | GX9: 0.0091311081 | GY9: 0.83784318 | HB9: CCC | HC9: 0.00053567942 | HD9: 0.0051203308 | HE9: 0.021346165 | HF9: 0.038512863 | HG9: 0.039491374 | HH9: 0.043637308 | HI9: 0.0084637787 | HJ9: 0.8428925 | HM9: CCC | HN9: 0.00056849758 | HO9: 0.0053624065 | HP9: 0.021949189 | HQ9: 0.038387376 | HR9: 0.037626623 | HS9: 0.040644354 | HT9: 0.0078683612 | HU9: 0.84759319 | HX9: CCC | HY9: 0.00060072707 | HZ9: 0.005596078 | IA9: 0.022497101 | IB9: 0.038173005 | IC9: 0.0358672 | ID9: 0.037950088 | IE9: 0.007334783 | IF9: 0.85198102 | II9: CCC | IJ9: 0.00063230677 | IK9: 0.0058207793 | IL9: 0.02299114 | IM9: 0.03788438 | IN9: 0.034211852 | IO9: 0.035517683 | IP9: 0.0068548105 | IQ9: 0.85608705 | IT9: CCC | IU9: 0.00066318019 | IV9: 0.006036028 | IW9: 0.023432974 | IX9: 0.037534407 | IY9: 0.032657632 | IZ9: 0.033315731 | JA9: 0.0064216121 | JB9: 0.85993844 | JE9: CCC | JF9: 0.00069329518 | JG9: 0.0062414278 | JH9: 0.02382459 | JI9: 0.03713438 | JJ9: 0.031200487 | JK9: 0.031317318 | JL9: 0.0060294513 | JM9: 0.86355905 | JP9: CCC | JQ9: 0.00072260383 | JR9: 0.006436668 | JS9: 0.02416821 | JT9: 0.036694122 | JU9: 0.029835688 | JV9: 0.029499286 | JW9: 0.0056734651 | JX9: 0.86696996 | KA9: CCC | KB9: 0.00075106241 | KC9: 0.0066215205 | KD9: 0.024466215 | KE9: 0.036222124 | KF9: 0.028558142 | KG9: 0.027841617 | KH9: 0.0053494981 | KI9: 0.87018982 | KL9: CCC | KM9: 0.00077863141 | KN9: 0.0067958357 | KO9: 0.024721082 | KP9: 0.035725685 | KQ9: 0.02736261 | KR9: 0.026326934 | KS9: 0.0050539759 | KT9: 0.87323525 | KW9: CCC | KX9: 0.00080527556 | KY9: 0.0069595373 | KZ9: 0.02493533 | LA9: 0.035211042 | LB9: 0.026243865 | LC9: 0.024940095 | LD9: 0.004783806 | LE9: 0.87612105 | LH9: CCC | LI9: 0.00083096382 | LJ9: 0.0071126162 | LK9: 0.025111486 | LL9: 0.034683502 | LM9: 0.025196799 | LN9: 0.023667853 | LO9: 0.0045362994 | LP9: 0.87886048 | LS9: CCC | LT9: 0.00085566945 | LU9: 0.0072551242 | LV9: 0.025252043 | LW9: 0.03414755 | LX9: 0.024216491 | LY9: 0.022498581 | LZ9: 0.0043091074 | MA9: 0.88146543 | MD9: CCC | ME9: 0.00087936993 | MF9: 0.0073871676 | MG9: 0.02535944 | MH9: 0.033606958 | MI9: 0.023298254 | MJ9: 0.021422035 | MK9: 0.0041001705 | ML9: 0.8839466 | MO9: CCC | MP9: 0.00090204693 | MQ9: 0.0075089005 | MR9: 0.02543604 | MS9: 0.03306488 | MT9: 0.022437659 | MU9: 0.020429165 | MV9: 0.0039076757 | MW9: 0.88631363 | MZ9: CCC | NA9: 0.00092368625 | NB9: 0.0076205184 | NC9: 0.025484116 | ND9: 0.032523929 | NE9: 0.021630546 | NF9: 0.019511954 | NG9: 0.003730022 | NH9: 0.88857523 | NK9: CCC | NL9: 0.00094427768 | NM9: 0.0077222526 | NN9: 0.025505843 | NO9: 0.03198626 | NP9: 0.020873026 | NQ9: 0.018663275 | NR9: 0.0035657912 | NS9: 0.89073927 | NV9: CCC | NW9: 0.00096381486 | NX9: 0.0078143641 | NY9: 0.025503289 | NZ9: 0.031453629 | OA9: 0.02016148 | OB9: 0.017876782 | OC9: 0.0034137233 | OD9: 0.89281292
A10: Default | B10: 0 | C10: 0 | D10: 0 | E10: 0 | F10: 0 | G10: 0 | H10: 0 | I10: 1 | L10: Default | M10: 0 | N10: 0 | O10: 0 | P10: 0 | Q10: 0 | R10: 0 | S10: 0 | T10: 1 | W10: Default | X10: 0 | Y10: 0 | Z10: 0 | AA10: 0 | AB10: 0 | AC10: 0 | AD10: 0 | AE10: 1 | AH10: Default | AI10: 0 | AJ10: 0 | AK10: 0 | AL10: 0 | AM10: 0 | AN10: 0 | AO10: 0 | AP10: 1 | AS10: Default | AT10: 0 | AU10: 0 | AV10: 0 | AW10: 0 | AX10: 0 | AY10: 0 | AZ10: 0 | BA10: 1 | BD10: Default | BE10: 0 | BF10: 0 | BG10: 0 | BH10: 0 | BI10: 0 | BJ10: 0 | BK10: 0 | BL10: 1 | BO10: Default | BP10: 0 | BQ10: 0 | BR10: 0 | BS10: 0 | BT10: 0 | BU10: 0 | BV10: 0 | BW10: 1 | BZ10: Default | CA10: 0 | CB10: 0 | CC10: 0 | CD10: 0 | CE10: 0 | CF10: 0 | CG10: 0 | CH10: 1 | CK10: Default | CL10: 0 | CM10: 0 | CN10: 0 | CO10: 0 | CP10: 0 | CQ10: 0 | CR10: 0 | CS10: 1 | CV10: Default | CW10: 0 | CX10: 0 | CY10: 0 | CZ10: 0 | DA10: 0 | DB10: 0 | DC10: 0 | DD10: 1 | DG10: Default | DH10: 0 | DI10: 0 | DJ10: 0 | DK10: 0 | DL10: 0 | DM10: 0 | DN10: 0 | DO10: 1 | DR10: Default | DS10: 0 | DT10: 0 | DU10: 0 | DV10: 0 | DW10: 0 | DX10: 0 | DY10: 0 | DZ10: 1 | EC10: Default | ED10: 0 | EE10: 0 | EF10: 0 | EG10: 0 | EH10: 0 | EI10: 0 | EJ10: 0 | EK10: 1 | EN10: Default | EO10: 0 | EP10: 0 | EQ10: 0 | ER10: 0 | ES10: 0 | ET10: 0 | EU10: 0 | EV10: 1 | EY10: Default | EZ10: 0 | FA10: 0 | FB10: 0 | FC10: 0 | FD10: 0 | FE10: 0 | FF10: 0 | FG10: 1 | FJ10: Default | FK10: 0 | FL10: 0 | FM10: 0 | FN10: 0 | FO10: 0 | FP10: 0 | FQ10: 0 | FR10: 1 | FU10: Default | FV10: 0 | FW10: 0 | FX10: 0 | FY10: 0 | FZ10: 0 | GA10: 0 | GB10: 0 | GC10: 1 | GF10: Default | GG10: 0 | GH10: 0 | GI10: 0 | GJ10: 0 | GK10: 0 | GL10: 0 | GM10: 0 | GN10: 1 | GQ10: Default | GR10: 0 | GS10: 0 | GT10: 0 | GU10: 0 | GV10: 0 | GW10: 0 | GX10: 0 | GY10: 1 | HB10: Default | HC10: 0 | HD10: 0 | HE10: 0 | HF10: 0 | HG10: 0 | HH10: 0 | HI10: 0 | HJ10: 1 | HM10: Default | HN10: 0 | HO10: 0 | HP10: 0 | HQ10: 0 | HR10: 0 | HS10: 0 | HT10: 0 | HU10: 1 | HX10: Default | HY10: 0 | HZ10: 0 | IA10: 0 | IB10: 0 | IC10: 0 | ID10: 0 | IE10: 0 | IF10: 1 | II10: Default | IJ10: 0 | IK10: 0 | IL10: 0 | IM10: 0 | IN10: 0 | IO10: 0 | IP10: 0 | IQ10: 1 | IT10: Default | IU10: 0 | IV10: 0 | IW10: 0 | IX10: 0 | IY10: 0 | IZ10: 0 | JA10: 0 | JB10: 1 | JE10: Default | JF10: 0 | JG10: 0 | JH10: 0 | JI10: 0 | JJ10: 0 | JK10: 0 | JL10: 0 | JM10: 1 | JP10: Default | JQ10: 0 | JR10: 0 | JS10: 0 | JT10: 0 | JU10: 0 | JV10: 0 | JW10: 0 | JX10: 1 | KA10: Default | KB10: 0 | KC10: 0 | KD10: 0 | KE10: 0 | KF10: 0 | KG10: 0 | KH10: 0 | KI10: 1 | KL10: Default | KM10: 0 | KN10: 0 | KO10: 0 | KP10: 0 | KQ10: 0 | KR10: 0 | KS10: 0 | KT10: 1 | KW10: Default | KX10: 0 | KY10: 0 | KZ10: 0 | LA10: 0 | LB10: 0 | LC10: 0 | LD10: 0 | LE10: 1 | LH10: Default | LI10: 0 | LJ10: 0 | LK10: 0 | LL10: 0 | LM10: 0 | LN10: 0 | LO10: 0 | LP10: 1 | LS10: Default | LT10: 0 | LU10: 0 | LV10: 0 | LW10: 0 | LX10: 0 | LY10: 0 | LZ10: 0 | MA10: 1 | MD10: Default | ME10: 0 | MF10: 0 | MG10: 0 | MH10: 0 | MI10: 0 | MJ10: 0 | MK10: 0 | ML10: 1 | MO10: Default | MP10: 0 | MQ10: 0 | MR10: 0 | MS10: 0 | MT10: 0 | MU10: 0 | MV10: 0 | MW10: 1 | MZ10: Default | NA10: 0 | NB10: 0 | NC10: 0 | ND10: 0 | NE10: 0 | NF10: 0 | NG10: 0 | NH10: 1 | NK10: Default | NL10: 0 | NM10: 0 | NN10: 0 | NO10: 0 | NP10: 0 | NQ10: 0 | NR10: 0 | NS10: 1 | NV10: Default | NW10: 0 | NX10: 0 | NY10: 0 | NZ10: 0 | OA10: 0 | OB10: 0 | OC10: 0 | OD10: 1

Sheet Steady State
A1: Year | C1: AAA | D1: AA | E1: A | F1: BBB | G1: BB | H1: B | I1: CCC | J1: Default
A2: 0 | C2: =IF(Comp_Cred_Rating=C1,1,0) -> 1 | D2: =IF(Comp_Cred_Rating=D1,1,0) -> 0 | E2: =IF(Comp_Cred_Rating=E1,1,0) -> 0 | F2: =IF(Comp_Cred_Rating=F1,1,0) -> 0 | G2: =IF(Comp_Cred_Rating=G1,1,0) -> 0 | H2: =IF(Comp_Cred_Rating=H1,1,0) -> 0 | I2: =IF(Comp_Cred_Rating=I1,1,0) -> 0 | J2: =IF(Comp_Cred_Rating=J1,1,0) -> 0
A3: 1 | C3: {=MMULT(C2:J2,P_Matrix)} -> 0.919 | D3: 0.0756 | E3: 0.0039 | F3: 0.0008 | G3: 0.0005 | H3: 0.0002 | I3: 0 | J3: 0
A4: 2 | C4: {=MMULT(C3:J3,P_Matrix)} -> 0.84524369 | D4: 0.1380579 | E4: 0.0130715 | F4: 0.00208376 | G4: 0.00100329 | H4: 0.00047257 | I4: 3.51e-05 | J4: 3.219e-05
A5: 3 | C5: {=MMULT(C4:J4,P_Matrix)} -> 0.77802883 | D5: 0.18929676 | E5: 0.026080043 | F5: 0.0040172375 | G5: 0.0015548556 | H5: 0.00081547243 | I5: 9.493033e-05 | J5: 0.00011186991
A6: 4 | C6: {=MMULT(C5:J5,P_Matrix)} -> 0.71672673 | D6: 0.23096858 | E6: 0.041771797 | F6: 0.0066853455 | G6: 0.0021930294 | H6: 0.0012290639 | I6: 0.00017405386 | J6: 0.00025140865
A7: 5 | C7: {=MMULT(C6:J6,P_Matrix)} -> 0.66077391 | D7: 0.26449251 | E7: 0.059224356 | F7: 0.010113585 | G7: 0.0029485668 | H7: 0.0017155903 | I7: 0.00026982366 | J7: 0.00046165968
A8: 6 | C8: {=MMULT(C7:J7,P_Matrix)} -> 0.60966489 | D8: 0.29108762 | E8: 0.077705781 | F8: 0.014284911 | G8: 0.0038445189 | H8: 0.0022783791 | I8: 0.00038114293 | J8: 0.00075275481
A9: 7 | C9: {=MMULT(C8:J8,P_Matrix)} -> 0.56294573 | D9: 0.31180095 | E9: 0.096640546 | F9: 0.01915281 | G9: 0.0048966028 | H9: 0.0029210965 | I9: 0.00050773389 | J9: 0.0011345273
A10: 8 | C10: {=MMULT(C9:J9,P_Matrix)} -> 0.52020838 | D10: 0.32753163 | E10: 0.11558123 | F10: 0.024651347 | G10: 0.0061138654 | H10: 0.0036471392 | I10: 0.00064969963 | J10: 0.0016167102
A11: 9 | C11: {=MMULT(C10:J10,P_Matrix)} -> 0.48108569 | D11: 0.33905152 | E11: 0.13418504 | F11: 0.03070282 | G11: 0.0074994977 | H11: 0.0044591791 | I11: 0.00080725918 | J11: 0.0022089974
A12: 10 | C12: {=MMULT(C11:J11,P_Matrix)} -> 0.44524702 | D12: 0.34702303 | E12: 0.15219426 | F12: 0.037223525 | G12: 0.0090517058 | H12: 0.0053588555 | I12: 0.00098058829 | J12: 0.0029210207
A13: 11 | C13: {=MMULT(C12:J12,P_Matrix)} -> 0.41239429 | D13: 0.35201433 | E13: 0.16942019 | F13: 0.044128014 | G13: 0.010764576 | H13: 0.0063465938 | I13: 0.0011697268 | J13: 0.0037622792
A14: 12 | C14: {=MMULT(C13:J13,P_Matrix)} -> 0.38225859 | D14: 0.35451249 | E14: 0.18572972 | F14: 0.051332196 | G14: 0.012628897 | H14: 0.0074215308 | I14: 0.0013745294 | J14: 0.0047420419
... A102: 100 | C102: {=MMULT(C101:J101,P_Matrix)} -> 0.010926877 | D102: 0.064789458 | E102: 0.15790349 | F102: 0.13881859 | G102: 0.064285457 | H102: 0.048292242 | I102: 0.0091289861 | J102: 0.5058549
C103: {=MMULT(C102:J102,P_Matrix)} -> 0.010758359 | D103: 0.063938769 | E103: 0.15602807 | F103: 0.13730665 | G103: 0.063633411 | H103: 0.047821367 | I103: 0.0090401769 | J103: 0.5114732
C104: {=MMULT(C103:J103,P_Matrix)} -> 0.010594314 | D104: 0.06310331 | E104: 0.15417555 | F104: 0.13580555 | G104: 0.06298325 | H104: 0.047350699 | I104: 0.008951394 | J104: 0.51703593
C105: {=MMULT(C104:J104,P_Matrix)} -> 0.01043453 | D105: 0.062282601 | E105: 0.15234565 | F105: 0.13431556 | G105: 0.062335266 | H105: 0.046880518 | I105: 0.0088626912 | J105: 0.52254319
C106: {=MMULT(C105:J105,P_Matrix)} -> 0.010278811 | D106: 0.061476181 | E106: 0.15053808 | F106: 0.13283692 | G106: 0.061689734 | H106: 0.046411091 | I106: 0.0087741192 | J106: 0.52799506
C107: {=MMULT(C106:J106,P_Matrix)} -> 0.010126971 | D107: 0.060683613 | E107: 0.14875255 | F107: 0.13136987 | G107: 0.061046909 | H107: 0.045942663 | I107: 0.0086857252 | J107: 0.53339169
C108: {=MMULT(C107:J107,P_Matrix)} -> 0.0099788357 | D108: 0.05990448 | E108: 0.14698879 | F108: 0.12991461 | G108: 0.060407026 | H108: 0.045475467 | I108: 0.0085975537 | J108: 0.53873323
C109: {=MMULT(C108:J108,P_Matrix)} -> 0.0098342405 | D109: 0.059138386 | E109: 0.14524651 | F109: 0.12847132 | G109: 0.059770306 | H109: 0.045009718 | I109: 0.008509646 | J109: 0.54401987
C110: {=MMULT(C109:J109,P_Matrix)} -> 0.0096930312 | D110: 0.05838495 | E110: 0.14352543 | F110: 0.12704015 | G110: 0.059136952 | H110: 0.04454562 | I110: 0.0084220408 | J110: 0.54925182
C111: {=MMULT(C110:J110,P_Matrix)} -> 0.0095550624 | D111: 0.057643813 | E111: 0.14182529 | F111: 0.12562125 | G111: 0.058507153 | H111: 0.044083361 | I111: 0.0083347744 | J111: 0.5544293
C112: {=MMULT(C111:J111,P_Matrix)} -> 0.0094201971 | D112: 0.056914628 | E112: 0.14014581 | F112: 0.12421474 | G112: 0.057881082 | H112: 0.043623115 | I112: 0.0082478802 | J112: 0.55955255
C113: {=MMULT(C112:J112,P_Matrix)} -> 0.0092883063 | D113: 0.056197067 | E113: 0.13848672 | F113: 0.12282072 | G113: 0.0572589 | H113: 0.043165046 | I113: 0.0081613897 | J113: 0.56462186
C114: {=MMULT(C113:J113,P_Matrix)} -> 0.0091592684 | D114: 0.055490814 | E114: 0.13684775 | F114: 0.12143928 | G114: 0.056640754 | H114: 0.042709306 | I114: 0.0080753317 | J114: 0.56963749
... C789: {=MMULT(C788:J788,P_Matrix)} -> 3.0259739e-06 | D789: 1.881712e-05 | E789: 4.7094544e-05 | F789: 4.2300538e-05 | G789: 1.9917071e-05 | H789: 1.5093412e-05 | I789: 2.8546306e-06 | J789: 0.9998509

Sheet Risk Metrics
A1: Loan Risk Calculator | E1: =_xlfn.CONCAT("Capital at Risk: ",Dashboard!$B$2,"-Year Time Horizon") -> Capital at Risk: 1-Year Time Horizon | K1: Cumulative Default Probability
A2: Loan Amount (EAD) | B2: =EAD_Input -> 10000000 | E2: Rating | F2: Probability of Default | G2: Expected Loss | K2: Year | L2: AAA | M2: BBB | N2: B | O2: CCC
A3: Loss Given Default (LGD) | B3: =LGD_Input -> 0.45 | E3: AAA | F3: =HLOOKUP(Time_Horizon,'Probability Forecast'!$2:$10,2) -> 0 | G3: =$B$2*$B$3*F3 -> 0 | K3: 0 | L3: 0 | M3: 0 | N3: 0 | O3: 0
A4: Time Horizon | B4: =Time_Horizon -> 1 | E4: AA | F4: =HLOOKUP(Time_Horizon,'Probability Forecast'!$2:$10,3) -> 0.0002 | G4: =$B$2*$B$3*F4 -> 900 | K4: 1 | L4: 0 | M4: 0.0023 | N4: 0.0435 | O4: 0.2833
A5: Company Credit Rating | B5: =Comp_Cred_Rating -> AAA | E5: A | F5: =HLOOKUP(Time_Horizon,'Probability Forecast'!$2:$10,4) -> 0.0007 | G5: =$B$2*$B$3*F5 -> 3150 | K5: 2 | L5: 3.219e-05 | M5: 0.00568499 | N5: 0.09651193 | O5: 0.45039382
E6: BBB | F6: =HLOOKUP(Time_Horizon,'Probability Forecast'!$2:$10,5) -> 0.0023 | G6: =$B$2*$B$3*F6 -> 10350 | K6: 3 | L6: 0.00011186991 | M6: 0.010135803 | N6: 0.15091497 | O6: 0.55257486
A7: Probability of Default | B7: =VLOOKUP(B4,'Steady State'!A:J,10) -> 0 | E7: BB | F7: =HLOOKUP(Time_Horizon,'Probability Forecast'!$2:$10,6) -> 0.0076 | G7: =$B$2*$B$3*F7 -> 34200 | K7: 4 | L7: 0.00025140865 | M7: 0.015611608 | N7: 0.20293169 | O7: 0.61800562
E8: B | F8: =HLOOKUP(Time_Horizon,'Probability Forecast'!$2:$10,7) -> 0.0435 | G8: =$B$2*$B$3*F8 -> 195750 | K8: 5 | L8: 0.00046165968 | M8: 0.022049155 | N8: 0.25101881 | O8: 0.66223077
A9: Expected Loss | B9: =B2*B3*B7 -> 0 | E9: CCC | F9: =HLOOKUP(Time_Horizon,'Probability Forecast'!$2:$10,8) -> 0.2833 | G9: =$B$2*$B$3*F9 -> 1274850 | K9: 6 | L9: 0.00075275481 | M9: 0.029367785 | N9: 0.29474897 | O9: 0.69389607
K10: 7 | L10: 0.0011345273 | M10: 0.037475825 | N10: 0.33422429 | O10: 0.71786273
K11: 8 | L11: 0.0016167102 | M11: 0.046276494 | N11: 0.36977387 | O11: 0.73690604
K12: 9 | L12: 0.0022089974 | M12: 0.055672633 | N12: 0.40180199 | O12: 0.75264388
K13: 10 | L13: 0.0029210207 | M13: 0.065570182 | N13: 0.43071529 | O13: 0.76604584
K14: 11 | L14: 0.0037622792 | M14: 0.07588052 | N14: 0.45689075 | O14: 0.77771356
K15: 12 | L15: 0.0047420419 | M15: 0.0865219 | N15: 0.48066429 | O15: 0.78803615
K16: 13 | L16: 0.0058692396 | M16: 0.097420175 | N16: 0.50232915 | O16: 0.79727699
K17: 14 | L17: 0.0071523574 | M17: 0.10850904 | N17: 0.52213884 | O17: 0.80562288
K18: 15 | L18: 0.0085993325 | M18: 0.11972989 | N18: 0.54031155 | O18: 0.81321221
K19: 16 | L19: 0.010217464 | M19: 0.13103148 | N19: 0.557035 | O19: 0.82015158
K20: 17 | L20: 0.012013338 | M20: 0.14236945 | N20: 0.57247095 | O20: 0.82652573
K21: 18 | L21: 0.01399276 | M21: 0.1537057 | N21: 0.58675916 | O21: 0.83240377
... K38: 35 | L38: 0.077341311 | M38: 0.32886887 | N38: 0.73021652 | O38: 0.89073927

Sheet Dashboard
A2: Time Horizon | B2: 1
